X1,X2,y
0.371734931297729,0.18260940964209788,0.526670291603053
0.9507546241247169,0.5407399493696016,0.44291031552624316
0.7309540827978159,0.8730491206823674,0.48443083851048474
0.5969601320493095,0.7317907483938342,0.82778171758327
0.15213425838771133,0.8064109050548898,0.567178708376904
0.15211001916144273,0.6580687505650814,0.41273064383799724
0.05371556624143281,0.691689861159481,0.49725273422644256
0.8657989616537893,0.8492082328113864,0.8769885999481866
0.5994287914511179,0.24739095349718065,0.8284299995499143
0.706914580259927,0.4880635563040277,0.08042929662306003
0.01603125448215076,0.21882370126567985,0.6347939533186893
0.9700449693795674,0.9882094245355457,0.7846865346978493
0.8318988597228956,0.9444342117723803,0.8352799941807254
0.20873287401432156,0.036346830656592055,0.8525296956243991
0.17806803278930483,0.705039257440524,0.5811159654097965
0.17965537619626315,0.9255513489353625,0.7332614633687558
0.3010898809265009,0.1780344202104306,0.7960759402137685
0.5226931053427235,0.5668836974224524,0.5205130651567953
0.42942333206856953,0.9157540549320358,0.5318593240625601
0.28801251139774314,0.030845066202869198,0.9108639575051094
0.6102197047520311,0.696853208037012,0.7681688112304317
0.13552786899226632,0.29525404896809837,0.3903889043250698
0.28893254108254185,0.9246959725845383,0.9279825737013361
0.36351626635028755,0.9715362278968476,0.6532796868400909
0.4536674416767172,0.9446421523168695,0.5378198921454749
0.7843987481555792,0.4727947184470489,0.23754768776600999
0.19600499625190665,0.8621042957949059,0.7450722514128136
0.512119147999806,0.8445442354266313,0.7356311306795473
0.5906853803902663,0.31708858515781635,0.7893946880747822
0.04202491484382653,0.828850604027835,0.6325936176901896
0.6058903861454144,0.03391841500435411,0.9097813035136748
0.1667113786996675,0.5953165190976556,0.41080458620162374
0.06071795926670526,0.22765670222009604,0.5106807723738555
0.9489168233725249,0.1177967844962941,0.820035002025957
0.9657460237699864,0.07401653673926789,0.759905562990441
0.8077348164798261,0.6957173954262623,0.555966950207156
0.3014632419670584,0.33794241486673016,0.6877472158187795
0.09349958063957448,0.7243041504679805,0.40053361602344106
0.6829572944954866,0.06237538671330062,0.6006486313728856
0.43767134076527175,0.3132638985803855,0.311496764553382
0.11798603648536149,0.5383210917311811,0.16860489820688573
0.49296750181040533,0.7905124357042626,0.6586725545085863
0.02990345414205997,0.3167392859244822,0.49920570291384575
0.9091562910370847,0.625051143556333,0.699943054579587
0.2554030987418129,0.8861308027966774,0.9443169793837507
0.6611393312357083,0.614984656972569,0.523966485212944
0.3085955997837271,0.23061860837003384,0.7723099215799514
0.5179815406114859,0.021263415420699205,0.8240333803341693
0.5447553747612712,0.8701912859665907,0.8772971901539561
0.18111248259879548,0.018120085798075503,0.7816334786399146
0.9697181388224756,0.8748116631496587,0.7011927898286237
0.7743060108831066,0.5277266263386431,0.16951239933657267
0.939483870855836,0.9394235071834817,0.8578438519129188
0.8945916637137654,0.798603288594893,0.8624229469555349
0.5961978806936228,0.9985147340120268,0.9685887594715172
0.921772122589658,0.3488206532197513,0.7605642990484975
0.08427463407154057,0.7668876785138853,0.4482910697295396
0.19229584846330144,0.4002353605766266,0.5164597414489204
0.040795750490874916,0.47847774337684873,0.23777613258487015
0.3222821147786929,0.6266713946442579,0.5586862020506389
0.3859419202520164,0.8737831917936132,0.5537433374208331
0.26803422267604204,0.9846111961421373,0.9726681704211513
0.8281754298377957,0.7679769476127742,0.7039102232223196
0.3538602969396303,0.4161317073875767,0.4633606515385607
0.27766703962076733,0.419735638790686,0.6603009164034355
0.5407213539873855,0.7371686239040074,0.7711410082669274
0.13696529734058605,0.23645849746370334,0.4600526198688738
0.8015038278602364,0.10766546686919332,0.6888989841027542
0.07026392216125993,0.35274592927005843,0.3678210739863552
0.9871058971838422,0.2851054224159525,0.5045897329759803
0.7714036938175955,0.29420918683401764,0.4532738522210063
0.1950421639329839,0.2312693604773225,0.6848067190320779
0.0008944899554603758,0.03902339200335586,0.8859284194214556
0.8148337836253925,0.01471164212820647,0.7865867583174981
0.7056933447330309,0.9882640139624703,0.5666082605448627
0.7279525584872475,0.42617627388938367,0.24760836700954195
0.7704244589040623,0.38256386224307953,0.3388206532551305
0.06975543131372608,0.6790123472534065,0.4206147090879749
0.3555811556920391,0.21585685985073227,0.5979159022082844
0.11178639395418466,0.9503585955783229,0.5100492216666157
0.862711066759041,0.7861175648283298,0.8243058058886987
0.6217214605073677,0.0865219146055341,0.8848448058194429
0.32787730559247824,0.41594499063421897,0.4982771058113912
0.059217342009453666,0.8792451654548795,0.5615218735866503
0.3078632463691817,0.9451094633975323,0.8507387625876488
0.3221343800219152,0.46595599485682215,0.4356201171349309
0.7285545270684518,0.6125234944149068,0.32775685496664725
0.6360512265165761,0.16444130565657555,0.7452859403729211
0.8869394502091611,0.9917234117732683,0.9785786761717088
0.4698921163470289,0.2293259169062623,0.5607595617896474
0.11552997764682266,0.9431015761582804,0.5269798328563493
0.7121123332628833,0.6488971391039333,0.35625496081967567
0.7598873779341158,0.6068272284235839,0.27730340248105556
0.5593942334586057,0.5114159487379158,0.5051266563854429
0.7701197949474482,0.2283202009561957,0.4756838600315663
0.4915793662800732,0.17397165012611027,0.6745030331502366
0.5206595092902919,0.21809770644147725,0.7744859214381585
0.4249975821019007,0.18391972810389473,0.5139252893590873
0.020889763342091527,0.7793312050168758,0.6799490560040053
0.10376936292819389,0.3482318568366555,0.3322538565304554
0.026929503680964584,0.05483302728595857,0.7328628025031023
0.6348985015314371,0.9695731442462718,0.8319134561525663
0.3112535669508423,0.8839305686498617,0.8381629759717311
0.5064274296564589,0.928064877529542,0.76457578153389
0.9073937009000519,0.9954768885270442,0.9749626611209021
0.2458684898883361,0.17132881256459842,0.9188117299931708
0.407754749469287,0.3945247395964708,0.2512014472989559
0.7546276195682224,0.7579036853449415,0.4617305212767112
0.22527321384204363,0.6954482134890505,0.7829810939793274
0.07270518553224203,0.151253090842136,0.5108430203812928
0.28652752637775436,0.8157182924916933,0.8200119506887622
0.15736259909395706,0.22206717118676522,0.5335213438492479
0.929634176792975,0.2214418350577661,0.8400253906077257
0.8074564800854005,0.5357946101545131,0.3349840527437353
0.6318769980533131,0.5919738581773696,0.5480391887465088
0.8711095039285046,0.5790710419208696,0.6376441610041794
0.8029862089443747,0.08860567744559072,0.6976927428251576
0.18283655867206955,0.877581390628823,0.7246132052672232
0.8923121092482487,0.26338383274085164,0.8336578798236163
0.5373509493979425,0.12677899315448898,0.8525185570578564
0.806772896315338,0.8889117145133054,0.677369196882036
0.8958618553756458,0.9560706415528684,0.9438947031282057
0.3149190744320377,0.8621895865629972,0.8411593406444153
0.10594053033851786,0.8093771169838242,0.4466130513796328
0.22440594884888793,0.6545138397005064,0.7387385037581788
0.4245622128126634,0.5497305777863423,0.21037644036103154
0.817399731056085,0.08408841385902655,0.7655568022898667
0.8603265055721936,0.40678256914077,0.6339508278792831
0.0023315656556111564,0.37088128528969866,0.6184075259676363
0.5086147905255933,0.2575152466546772,0.6710001217644386
0.41481753859820364,0.7229523496504501,0.3745247239086503
0.21854981770121962,0.4945389636719775,0.41016079865457483
0.11580243800770157,0.07812518251600925,0.4924631895871366
0.33462762557657044,0.21779354211643098,0.7019222033414207
0.9429114776627125,0.6826376207099552,0.6842844870888818
0.3201442096225817,0.07319105402012299,0.8202871576105126
0.5166978325868719,0.8512271764422634,0.781981142902811
0.7018360034565756,0.49380697071227186,0.08191017719949506
0.36077053193674763,0.47919141559253325,0.2374747254926488
0.9719264461734864,0.5914396756776538,0.456723645938232
0.9625455574266648,0.8245999239290522,0.7379358283210369
0.24837085405747542,0.3459069604157258,0.7280887731435306
0.49504932841551136,0.67737498772312,0.5630057803326151
0.29770933459682936,0.5646619782509704,0.6292414905733503
0.2815923144842746,0.2648175148192757,0.7979043660693019
0.03241421915872711,0.8787549793161626,0.6599534046393194
0.6079198416780985,0.7972408911354769,0.853103878696893
0.5005066650125567,0.6577359523694633,0.5682834465376176
0.047078086426161125,0.8505996038641197,0.6071264487150347
0.27536769438337794,0.8673759017898466,0.9244547682498248
0.9080965670707809,0.7078377084526214,0.8212716964385587
0.2360900969639183,0.8369793844936528,0.9040291556108511
0.1409555539736076,0.6969045979744168,0.439588232280557
0.48721508257685725,0.679507720988755,0.5232910580274984
0.9858633081769896,0.6177433425290192,0.4589632960501686
0.23859579166851247,0.7523607609328568,0.8725846786268192
0.6708000705390808,0.15598027454459712,0.6225793527651478
0.7607260662536428,0.8810043098229465,0.5004402101412131
0.23415624667271145,0.8719426027618992,0.9186462116221605
0.7271578335016103,0.026128426015589457,0.5339903803408979
0.3649445749839809,0.8257400462070072,0.5297630656639898
0.6307736498977715,0.12613147584101297,0.8285590221068184
0.6320035743439426,0.3331681414539791,0.6467009653571363
0.5337657727451761,0.7431172102284516,0.7686624721966215
0.08608077809741438,0.15814329459143467,0.49043381189865376
0.8347728382472639,0.8178603411252052,0.7705350103179702
0.31770937695432455,0.8320816002823901,0.794069784921192
0.18278475560751223,0.5061752329808706,0.2647541445892324
0.03632161567191283,0.003179705422133139,0.7212182038719164
0.5891562399857492,0.2849037968446694,0.8094638001151915
0.6762556958260778,0.6160524496235457,0.4333074356355193
0.012014851103390733,0.9817028400193629,0.823008569432768
0.5099671924231932,0.6309959112295169,0.5546849685940928
0.2229594529180135,0.25756523413778143,0.8072557877765918
0.6437041547364557,0.6331964593811575,0.5652354366127943
0.17057265970257707,0.5388170660246635,0.3371967445619344
0.6896951181073658,0.7795931230784408,0.5240744277410961
0.3839903863429552,0.10415865075015668,0.5896474515716981
0.9367012432230576,0.760703765152443,0.7742020431838035
0.133545209001651,0.5401031579703833,0.18500183768980208
0.338095849287418,0.963439181069479,0.7569901815486415
0.10937902501678426,0.3399472445878742,0.32900122093162854
0.9246054297071393,0.631807364551661,0.7164137107415756
0.8770173000982111,0.9323570294989015,0.9085738976324462
0.25456060454583673,0.09967066520306689,0.9130393142993063
0.6585885575218227,0.9375772718348028,0.7020722359241126
0.8166032511540254,0.6872822500191024,0.6156300765397063
0.5532878385283656,0.0648655790504899,0.9681464668148718
0.5276114223965208,0.2988824127897976,0.7112694353499536
0.2383918086133942,0.7076460913684217,0.7922686380171693
0.08890766817536405,0.0643772635994817,0.5279120416475229
0.896991866676196,0.5811632541599512,0.6960246910207759
0.9002099808245587,0.3439734533657663,0.7435987245330675
0.6315732058751524,0.6200562817460702,0.6152712327613752
0.3360492314902649,0.042686171362153524,0.7838386463824112
0.3462792891351321,0.8716347097785395,0.6899891797666429
0.72488599917159,0.9739762350082461,0.5435800889415331
0.8968858476609286,0.9693475109607808,0.9911883309208203
0.8868125080598361,0.749284248409851,0.78987945876444
0.7790721558829541,0.1273524939076297,0.582132497174355
0.6405474975640068,0.7579284999780834,0.6885522164036917
0.07990060148887862,0.021450261184741026,0.519212201926087
0.15777203806083806,0.018977488497694983,0.6650695869341599
0.8983369072497125,0.321615554088671,0.8175622107805072
0.6047690834298816,0.48727879742069113,0.46787136081665714
0.004587573552824631,0.7701191014614118,0.7506277318822925
0.09731777343390657,0.6826743734841845,0.3955765033253397
0.6621236532926054,0.44437508459412256,0.401779405740211
0.0004316822793036801,0.2714411106524622,0.7497402139826777
0.1569473224427574,0.9977020316796292,0.6747746763565039
0.5467888781312916,0.42457836307735514,0.6212727235759932
0.6906573062265055,0.4498803475281663,0.21417668967498463
0.6505261494976404,0.16101815725857926,0.7043643742038971
0.22072199151280864,0.7946144257917092,0.7959440410078431
0.7110415049626685,0.693100890738535,0.43936546102421453
0.23376587173816216,0.2183821924980276,0.8356316393928342
0.32235182475389323,0.07946511002912188,0.8067497069271365
0.7455231435641102,0.6798676205546825,0.3734386887449096
0.6481862901551535,0.653780282496484,0.5818542919184497
0.8487625032585135,0.2710725692392558,0.7924516978644278
0.6562056935611527,0.9512644201222559,0.7281686151643123
0.5664603646644834,0.14840423771367156,0.9124733922004613
0.08948249308820594,0.43075536251203156,0.20126834246721748
0.3648769128085686,0.9439890988042382,0.6081799838519573
0.26185720254673817,0.4180997295611821,0.6549966176743356
0.24053971666334667,0.6377339670652863,0.7303777351824958
0.9731609851612985,0.39588228348368604,0.4671722495235825
0.3903841860771017,0.2720318943785035,0.41450347187317327
0.8917971351726808,0.9845049707642011,0.9457139142660187
0.6296006809216976,0.40766672619407446,0.5732431369056001
0.7940816755959546,0.8942832746271412,0.602562978280196
0.5004645278119473,0.22760226371010833,0.6744025342901738
0.5750980947819418,0.21068801092947426,0.8775490590045287
0.4902951526597027,0.028022431681755722,0.6874208118186166
0.19155231988273014,0.6509250306776646,0.5795105693079751
0.7213651327941653,0.36670321637990705,0.295137965686879
0.2775040915906364,0.8644287380738217,0.9163985994446726
0.019781154940061718,0.47178657295347015,0.38325717597028275
0.6440051393779618,0.9686604697153998,0.7608134557701571
0.17333046291407056,0.183003495822382,0.6392579747632612
0.940448252955461,0.868709944200478,0.8275276541168561
0.9539847687778549,0.7763321743160989,0.7394775595567823
0.9147276588284883,0.7706354929285443,0.848806353417684
0.3673318745450982,0.8447789580194334,0.5625404460483752
0.010878052076423894,0.7606998386549054,0.6905048879850559
0.9282482762381258,0.6253813450146802,0.6638659982627244
0.4256438882350288,0.12851555637454354,0.5120962537855265
0.9667738608901588,0.02941984479957216,0.7716761103706393
0.963724031005105,0.9211340736444176,0.8052611251178952
0.8525672460684526,0.6157747893997152,0.655577477322672
0.2912481643997062,0.7963487663823496,0.8282485642624728
0.3823446810731135,0.4801307635633292,0.11340335252293521
0.8506852131500063,0.11452564249791786,0.8199403372421532
0.31383226364818184,0.12243333083753827,0.782036951194552
0.16567490811956498,0.6849529530488112,0.5150703536232644
0.5548961934055915,0.4287187078391353,0.6406849039798375
0.9361231878809966,0.19805998982065554,0.7719324849176972
0.6948123244212809,0.4902414251868856,0.14096415151001632
0.5682215866792893,0.06122360097708268,0.9421091785014506
0.09300151272403856,0.5809634356811142,0.24214549442445757
0.6133896147752516,0.2667901540655967,0.8159099676776227
0.9902884508693968,0.7973744784035525,0.6036408350247016
0.13612093812587828,0.30831669786104177,0.4041605894420787
0.5162345866547263,0.45372811124291956,0.4393707723333975
0.8770511851682701,0.008434365165195412,0.9210676884932716
0.7397720935291704,0.06949301298736232,0.5007722229885918
0.695803137945741,0.3907619614687504,0.3304081831460112
0.701298487004683,0.47854119921018207,0.12086964761012102
0.3566116425402741,0.5990815127958744,0.40691913227306453
0.290386883961334,0.2895459034492647,0.7833473840082692
0.8087033837200229,0.6944055145743309,0.5620954867153818
0.8094593379441185,0.8601767084156853,0.6686027709331754
0.8666995603157387,0.7795987381835267,0.8468748339219512
0.9130958016476338,0.036539577950816526,0.9580527295870025
0.5092128257632672,0.47911148141109666,0.33809607196300506
0.4993381941966697,0.10210035949441809,0.755735774048786
0.7975827565573181,0.23973884777479454,0.5676040315252553
0.6485189567255706,0.9872001700592064,0.7905530010194894
0.7007787259878704,0.13980918864492076,0.5437671102182594
0.7950678880834676,0.49756288667403,0.17238044437364436
0.8897458410363726,0.6172859584971001,0.7446225222559439
0.3350094876281439,0.7019171773972954,0.6222440807031562
0.3727829152499511,0.5585554652824735,0.26629053634132227
0.08979118210677389,0.006577608575585481,0.5578438226968516
0.5764811479587468,0.32447753168516646,0.7613156734505451
0.03146488021737731,0.5164582647883015,0.2782391975352558
0.46324253092931417,0.08497151287607091,0.5871254808248212
0.5406696514523752,0.3487354447985597,0.7028704143409363
0.28330147163103436,0.030099359338458476,0.9453944688108009
0.5890962626167516,0.07564803937859643,0.9015723481255893
0.02599598027278155,0.39520859866309993,0.4656658090824351
0.03287773844930392,0.12999205011149967,0.6689362530546574
0.8220081732900455,0.5664777707680668,0.46774156986825843
0.3573145872479079,0.6888675281060133,0.48657901983114304
0.12303311741320427,0.8004136394787402,0.492299104842178
0.520167522166318,0.19768407719130837,0.7407943608302687
0.7691413597186065,0.16489165519542898,0.5376360839963326
0.21223198669631216,0.10173663761699986,0.8510393277505324
0.6213117962654581,0.6356302653320025,0.6521243796189459
0.08111406487102829,0.705943250688249,0.4390525575429486
0.04728205873604319,0.028476220078008374,0.6289163785162601
0.5293238912796359,0.9365571497489711,0.8858192488409311
0.5386502141336866,0.048939211127475346,0.9232715411089125
0.6359230266405448,0.5401330282379063,0.44136458468705275
0.7250223239717555,0.7085379151513798,0.41612241179530596
0.9760165430816494,0.8710648593547521,0.6805684127436946
0.5141952606309138,0.7135835240428122,0.6805659060683349
0.3198965333753767,0.8015593824619766,0.7574822897841837
0.7944584182682555,0.3375160214114374,0.4710333551861769
0.26751488998174033,0.8147064315844839,0.9091478945096223
0.43648443486060806,0.07719025602984819,0.5423676705854245
0.07418894877720011,0.8950034670076937,0.49697006420115636
0.02082104229419146,0.5464531140963322,0.4303113752790291
0.9627476704163931,0.8171885310417573,0.6773949339233653
0.8354538097021093,0.45081516426242385,0.5019963852150615
0.6947564592992593,0.6428050075631556,0.4078594278682701
0.40631770872716066,0.5251824739234261,0.09809891386261294
0.16949525602999632,0.7311529572390264,0.5551474607056952
0.15255472694590144,0.07871117808124917,0.5841604631391721
0.24682385389690298,0.05735201830977865,0.9441522323874538
0.5472841875947483,0.24481638359956037,0.8094448559801846
0.7134701414844018,0.15692343766448463,0.5073941110316853
0.6588029417645177,0.8718824126131708,0.7215749752645744
0.27666148523340894,0.21682062602859886,0.8918667080995044
0.9549260984617285,0.976361596849352,0.8126933725262502
0.7368862102309603,0.3349518652104603,0.33477732528369936
0.5524368976190859,0.1795828819530802,0.8332664333411683
0.6100869036328612,0.7894838647707471,0.813733016440326
0.41701740880876453,0.6579928706672982,0.3557877766842568
0.2442995398715453,0.4968678052120935,0.49029969338875434
0.3530757935734056,0.5542539675222204,0.32036376154679364
0.7569339254833676,0.7187179041259266,0.3984330753993591
0.00980967379279496,0.2260966710661449,0.7086264359804326
0.11199098034504357,0.9969084282845184,0.5541713493621441
0.04157493277633484,0.9752854087787731,0.662789855368138
0.03627504758425054,0.6495787697480759,0.5014747831482875
0.8550304798041151,0.19707396267187144,0.8163227676889
0.7024780592280211,0.6795955257161532,0.398797394157381
0.47186069455416285,0.06924358521458102,0.637886637604995
0.09366242757096349,0.027539011813873526,0.5376824362072994
0.4893888802179521,0.25543644251657255,0.5805299087581515
0.4711551690483323,0.46115919072346295,0.2499097429877051
0.16940234929296882,0.8683579424492677,0.6482021159002685
0.4313393787880834,0.7267156232449418,0.3951086689535958
0.39581789897315567,0.7423124132562958,0.4253883733191798
0.614236648749471,0.4238877678939546,0.6353819715944411
0.6335752381563055,0.34402558730531796,0.6532275123118279
0.040872850247548886,0.3692252307397977,0.44196757446492463
0.37180778510592954,0.9881909098350783,0.645462103619469
0.6242959010954252,0.037031816756099734,0.8683644411851505
0.5009661584753524,0.8671121936649546,0.7434007441312094
0.8560648200913292,0.5776548547176578,0.6189613749329612
0.6572917702403772,0.43705996676442427,0.40642119610381505
0.1590841994676943,0.7247969140922069,0.526573011765854
0.06626236081001902,0.4852970086503733,0.09617162875415916
0.6409370439833709,0.8735283461189238,0.7459253288481436
0.02198734102017147,0.9009111509655514,0.7048011618807489
0.5840136053659747,0.42010095323971375,0.6658564055955729
0.9402187823285937,0.2746544669414221,0.7764554485614126
0.5736613272533622,0.5913820001828966,0.7360600553801881
0.38543205109370166,0.9126171685577944,0.5688327363753691
0.6418102755848836,0.2082361677800334,0.729483353370884
0.45586112849539767,0.6221151807010457,0.3107216284743022
0.5436564844024008,0.630741636909097,0.6833707529269173
0.941459446738957,0.7326822762510163,0.7247995680420133
0.3833545531364526,0.12883959664287625,0.525263552348856
0.9612826197912548,0.7153281942563074,0.6456772250694922
0.9051669257783301,0.909273622961023,0.926155354675466
0.19210317396357918,0.1771387764427394,0.6781017461678374
0.06504895116540926,0.23521996457404176,0.4989229165011805
0.09662080680755714,0.9718743632217557,0.5129294725113807
0.013656917515695421,0.17843756155910012,0.7283014013427562
0.09025447982886342,0.8544174934448112,0.5314750312905931
0.6817249854018391,0.490927344499459,0.14396556653675768
0.06688532332548064,0.24494471222369663,0.41507589242167053
0.31589603085947926,0.8708447996557273,0.8004118789896189
0.8443929301232831,0.4437753515128419,0.5521957648109639
0.018731968173744173,0.5135529218461372,0.3642733079966967
0.8138359339773573,0.35737475155856924,0.5078084806655276
0.2785918495461831,0.5919848164618016,0.6863110722716471
0.11409349997654267,0.1609178269414454,0.464084917448492
0.6955231865354895,0.38934454911490024,0.3355051056482049
0.6273940575855479,0.9698840191761804,0.9262785962027884
0.8771506154023103,0.25588870736521385,0.8016669635998606
0.7340463814271954,0.6560142319016714,0.3380492735272995
0.8027941184301441,0.32320143269899715,0.5330949353847689
0.2787725352970586,0.7731965174859143,0.8772271187709091
0.17366095142285454,0.1281429217078181,0.6708105011705212
0.7496668537278209,0.9702943028592323,0.5503127345414975
0.8061644904995903,0.4522920399572194,0.343404988518761
0.9907419715249127,0.23372140165731536,0.5658953161436522
0.4100005399448753,0.07054688200737436,0.5107504181524455
0.3692004428807111,0.16717566763564118,0.5774738212825825
0.7755924703758348,0.5185284460425118,0.1559708754893167
0.33783174056756426,0.3350596599799184,0.5748541722231794
0.9306990833773399,0.82881837313612,0.8406130548148663
0.8579972272706968,0.4293025578810521,0.624057075850293
0.4264577669775017,0.24643357484231104,0.41608739764471725
0.7499244357264825,0.6162713506691434,0.2574368658615583
0.7536143756750147,0.7062458924990127,0.42283919695581673
0.09897825961359674,0.16444929787213663,0.44809790542763983
0.9023553735509359,0.16502881103927391,0.8850177927872007
0.5030927230250177,0.033580923222150505,0.75935166242897
0.8258841265278316,0.7359838297867121,0.7052242512030132
0.3169753055295005,0.6631090876292238,0.6080055075638736
0.8952909784595411,0.4732129687886475,0.6170573865895495
0.3864688990548287,0.8441638386267412,0.5403696177882436
0.006236275715502393,0.8055165073736767,0.7508275142005321
0.9051984149905312,0.5843593179259464,0.6685550745200108
0.08708260817248703,0.8683567128761884,0.503716190423581
0.31623570744566853,0.2033967771664541,0.7728466680045045
0.9500990631095152,0.10911649362170406,0.8186840752514475
0.9506469354324624,0.2675492491534698,0.7170023024798486
0.571614981039831,0.0540743202823773,0.9597882783059968
0.630302717145754,0.5299675459760056,0.44801950670081503
0.446005325117646,0.9369520983973176,0.5471555679890119
0.2900039294223744,0.03626324194016173,0.9271281596001959
0.3256327958036964,0.11934570565820385,0.7958863901779702
0.6711848702505945,0.4506954525799339,0.3340131897598472
0.7514353223981547,0.9342109949986751,0.46612876224765865
0.790833452877754,0.31413297214980074,0.4967926920695053
0.7888628678022483,0.5059414183518246,0.171741320997294
0.08700163651198684,0.03850107423969301,0.5398067165881448
0.4922071598152467,0.14567917930705337,0.6630906131965859
0.05318812204463763,0.9871675757446037,0.6647725268847557
0.5475878977502806,0.9655739956292906,0.9535436478481494
0.43905615385486435,0.001728292685038657,0.5446723614604896
0.8874333174273591,0.9522162646235013,0.970675020714008
0.34799314958416505,0.6383302257052554,0.4754295659778336
0.11299026711036703,0.8680023788055746,0.4602171112658739
0.13904296480316908,0.4532459835218219,0.2029211638829531
0.7606165444137747,0.5143345703068386,0.1292843960755394
0.6166163084937097,0.4874829640325447,0.45883437882765565
0.09696718377045083,0.6661805028690055,0.3558079585716798
0.07986727884972489,0.13695403797096067,0.5211102573454017
0.6997760527021074,0.02685750666863651,0.5955679686909423
0.06846745638459895,0.3058753924900114,0.4029997125223398
0.8212640148660018,0.7041414318500554,0.639338109616987
0.7050751902144254,0.19939378973550564,0.5004014239189205
0.07709563253735235,0.6727737629552635,0.39468598940507793
0.08060179649651011,0.9703856514270403,0.581508462060778
0.9868573174768875,0.0910287746020606,0.6729151693336668
0.3714642781221295,0.6719402768259597,0.44656189653636896
0.3678177089165513,0.44221437702826366,0.31391183081728813
0.8121587765075846,0.8682271939808979,0.6981594492975916
0.9472717791805888,0.17459578210170223,0.7611842903209947
0.9862156494173351,0.6920405832030769,0.5187184489006307
0.7524439348939511,0.8380855542427519,0.4673986901613283
0.37346288977353137,0.9449912106832199,0.5915564274522918
0.07925819618819002,0.6826268443409014,0.37996224525010314
0.776330050286903,0.4958429536809578,0.08832312410800355
0.5565070972277915,0.6169762862203018,0.6995310036477689
0.4216621816661349,0.8689928369999437,0.44568886190127605
0.9061756260227647,0.5695583894757626,0.6481200834539516
0.10709174559134604,0.027272555562013134,0.5344405438158548
0.4904030935911841,0.9312734971560697,0.685299571645325
0.006754817297299598,0.6889295459495407,0.6719049299459012
0.4663202799258952,0.6758664817733449,0.46320361900788715
0.05192643735000679,0.21326827601825915,0.5064263888494647
0.11474981397949402,0.6581712440272758,0.32386515876857236
0.11345176542397356,0.3921380460821982,0.2589497477746876
0.6477616061784209,0.6504895254471454,0.558673003627074
0.7450744124900821,0.1037695619280446,0.5219618998757066
0.5815949028395915,0.6571271059347783,0.7651486679305002
0.9622694540907444,0.9999999999999999,0.7979003278030603
0.3720670239937176,0.045165609526499007,0.570505107083817
0.2824682108497246,0.9776755241376167,0.9679439534991507
0.8682339102572986,0.4052314153697342,0.6369407433513028
0.22004519455476118,0.8708483622745934,0.8570055256044533
0.9633246305630133,0.7821429127568699,0.6954725023838522
0.007559602214226746,0.5659511800589005,0.5274961615348086
0.9700137907022882,0.7380388423454263,0.6009543392977317
0.03871816354207608,0.8786401172653346,0.5820717320608048
0.8908892319396409,0.4024532064971311,0.6969730304193058
0.5256523254392337,0.3250515689509087,0.7215700558344036
0.9932137729401287,0.6669124154756889,0.49716727404991606
0.06950611910766485,0.8077006058501682,0.5041007510763151
0.5519346613443105,0.7619657988821025,0.8224881681369121
0.9694346535311543,0.7976299987618694,0.6905422799385538
0.5210263267477153,0.4340162825761188,0.4977445245273338
0.6278520999211494,0.8177270259786458,0.801897052567742
0.694529828446913,0.11743758751110389,0.5691713988381573
0.4521309714755539,0.5433379842741806,0.23074902032387978
0.6260024520534726,0.002550098841364312,0.9440632421146053
0.5825451193618306,0.3225948907628287,0.7952328058395421
0.9009535885003896,0.36463052188291245,0.7290087854597236
0.04101592393107867,0.3944551475374459,0.4142261932360607
0.27769586116476347,0.6948926886096995,0.756197752277471
0.9504503062669811,0.38681147656312675,0.5700433365880861
0.8900055594568692,0.44717665953777175,0.6042735671379209
0.45325216945245583,0.2352207736024709,0.46035267712328487
0.618540298136947,0.37144671109057625,0.6670394057869291
0.27409616438480866,0.22490703096723297,0.8411866648217308
0.18439531980714036,0.07024490958028179,0.7677800192823316
0.461333536269467,0.6025226499946119,0.34080046960744653
0.3504424015387929,0.66753419404722,0.5172274795267943
0.581883668689678,0.618625667160893,0.7175498158597527
0.07346363997882993,0.4620336045251096,0.1827133096603515
0.9745520743738997,0.3780056533845719,0.5126586699761595
0.986426365607115,0.8634002247883028,0.6188004119912052
0.696954770495314,0.5178336392038073,0.13722395657880637
0.5340890436809703,0.4777813512524867,0.4545910510923389
0.3064013567027768,0.02250944021908391,0.8599507433971887
0.8131591451182307,0.33932052178472866,0.533500971159302
0.6834579006911257,0.3784170571925516,0.38278768619785175
0.15876514377992657,0.3971153576952819,0.4037905389961256
0.910771008739632,0.5791575323665636,0.6595993277708282
0.8219445428513275,0.5324098565648889,0.3938050459503581
0.9498357151667458,0.6069961690792857,0.6013933012990864
0.7246486623334871,0.7645738480694201,0.425641558326141
0.6117897215771841,0.8128600318564438,0.8496797636815061
0.41565368083541154,0.7176350824441016,0.38746881512482434
0.9326799759265298,0.95594235119252,0.9039573622927342
0.8656861509881999,0.015071659771900447,0.9325529506726644
0.040787089121528286,0.193295120678943,0.5446082419577807
0.021842292154951704,0.00436120373848653,0.7690262653180471
0.3736676775192658,0.6467169095001544,0.4361718927613718
0.809901446723928,0.8982296339714241,0.7242430082546789
0.9874970119731241,0.24118161756080242,0.5890984754289732
0.1465048441384721,0.9273443980391562,0.6183558528941967
0.5924100022754348,0.057267001157804476,0.9489600908892171
0.3781170329608997,0.9347741468086516,0.5907758620230452
0.9700495374814265,0.34973500368862753,0.5341463395047913
0.8416229295379405,0.09857760708062296,0.8289620791706398
0.837813992665523,0.48449678191912154,0.4101902235343115
0.46635295831979506,0.2545266604254809,0.525501588216174
0.4122132393498117,0.2827302964672622,0.3856952836862174
0.2701024267107682,0.305232971710948,0.7908823977323964
0.051999014991006176,0.8028621536671868,0.553158603786681
0.8643380125189377,0.5379898156788239,0.5654116870575903
0.8122607193630025,0.309266049939371,0.5452251820687224
1.0,0.6094341349300758,0.3274551862715749
0.9969039487089846,0.7156551477041746,0.48779156240653054
0.5535198728292318,0.2704346158568006,0.7838501034509304
0.7681302528678389,0.4118979191380195,0.2775203552305293
0.944776669839269,0.11912103019883913,0.8168865984119571
0.8491885773186847,0.1786106167794237,0.8096889996216292
0.2439147611765139,0.6804885347364482,0.8127443885034558
0.44811430270282177,0.1789007186438893,0.5017948406012939
0.12514238559430652,0.5239384637706815,0.1386528478193429
0.9541078237692522,0.7085236029716668,0.687301211036549
0.6045134017117924,0.10405453892054745,0.8783341699874516
0.22511708658996665,0.566248268987204,0.614748407152468
0.6703630599160265,0.2543120599507114,0.562735797035147
0.6165260420343956,0.9633738037174551,0.917354974145727
0.35527664872688847,0.4821617858719177,0.21408237485353424
0.1094635111703291,0.8058401354540576,0.41894865111086166
0.6702349414841899,0.5490973401569459,0.34820626185526227
0.5182224040245145,0.04034777388277949,0.8410676889991537
0.7714776798498142,0.6323388691410543,0.342572274935115
0.5180774920847642,0.9518062615346558,0.8110324120000958
0.8517352019639216,0.6006788619983764,0.6582268884003335
0.5499775980238976,0.819086842704595,0.8396285483727071
0.5590533321160791,0.8843527532521359,0.9537548027786109
0.8763281627134625,0.22572026965035163,0.8351222961147851
0.40082061588864454,0.2096240991198864,0.4677195713019796
0.13002217990927023,0.6100838121918714,0.3011259261459731
0.02426992420391505,0.4093676609563919,0.4772099398210736
0.7542116926886493,0.8398382356039107,0.47556119477213343
0.6187181255951943,0.9002298181960049,0.86366605342531
0.7029020515939852,0.3515405650783293,0.36440948731960654
0.2093610117333789,0.2345446292859924,0.7323712812382241
0.13239006365421457,0.7802758405957833,0.48701934330037244
0.009961597436838387,0.272624984009911,0.663371062555971
0.34766407866912474,0.8225253838513686,0.6411570078861526
0.5881761672318784,0.42212598432238935,0.6342133892057226
0.389526290511241,0.6668687631265608,0.3239053868048799
0.4349805455406449,0.09266961528777812,0.5114322043835768
0.9039690917406489,0.6230113312528147,0.7783832705904679
0.3453204695711171,0.45026245568064255,0.382250447958837
0.5118729890347646,0.5856182061927075,0.5202699200951254
0.7828682782393065,0.16542531099490188,0.5540684349101082
0.39384625756163677,0.7364573612335586,0.43108171890903174
0.6205040511322635,0.8628616035548454,0.8544668497385282
0.8619676964485165,0.2143369896728498,0.8087394094570479
0.9495550462271397,0.09284954150938896,0.8390097227084885
0.1431449221322163,0.020498309034303774,0.6177093958784516
0.9265087903700087,0.6411926786435217,0.7204676856077887
0.4898917695547286,0.6061820148942224,0.46618546136143646
0.2548648603490604,0.5455547327307717,0.6020881506203593
0.4567483543804206,0.22960236338990037,0.5003693084095211
0.9802176847841348,0.3891683379666741,0.46837740610289225
0.490396048671998,0.5935161261386478,0.4327618105272132
0.3257202907018166,0.495433490714352,0.3031188926640546
0.631874081526784,0.9883273855408938,0.8614413172037552
0.23667670788636058,0.13373027082731614,0.9293108972528141
0.07158308943949543,0.6945688037351723,0.38440770555222936
0.12486131105487702,0.40263233444946195,0.24403773277028987
0.12402330987111876,0.4266043838396387,0.23908985920859147
0.1479979843604679,0.7171077656792011,0.4712241300064761
0.1348578884710488,0.6918500574388036,0.4130530678562666
0.6393848827169875,0.9918111130011192,0.8358976578254547
0.1781234221842063,0.1256540815570782,0.684323918030237
0.3427195038163553,0.10127669680454376,0.7392496733162012
0.8965624081193432,0.7238745616811678,0.7953226279922554
0.47164745780977513,0.5773652613828749,0.32009355637906645
0.6661996535965228,0.2719771503137739,0.5661522776641557
0.168515994728278,0.07649212255895671,0.6362600109353983
0.18858376236354774,0.082754829873319,0.7518047600674274
0.036415552019692043,0.8943752957098156,0.7017912764627585
0.16511447031828613,0.18936952463547296,0.5988687491619611
0.27531129199767684,0.3213759856072994,0.7855700025035035
0.1732297729581117,0.22429146398318955,0.5826497854893109
0.08448570304341912,0.3531215063584615,0.3212105853588624
0.11657674699979687,0.06645842272543578,0.5162243259478665
0.4583994803855033,0.5178115609784157,0.15023178872478526
0.20269782339251363,0.0646402261739884,0.8508888915737209
0.3614139525996829,0.8001825690759292,0.5877982161960037
0.5012485585629124,0.23137408978445684,0.6343568231483263
0.6891495274107791,0.5388437022518526,0.23970249320393316
0.03485138874898308,0.8802096147379592,0.6759632780740777
0.7987034841469001,0.6501325593618708,0.5059984658862323
0.6263464519963393,0.531762634006636,0.5063071510554098
0.07750790991956169,0.3223418512796469,0.35733825353384624
0.8732379980118634,0.3310431155114393,0.7463296819363696
0.920765340418676,0.6688132167807737,0.7210803825808498
0.05672470187294065,0.9947054922956293,0.6255648157960914
0.27359014278376714,0.6611362440989466,0.7779534809898487
0.805527902609871,0.5566830755881529,0.3955867360444918
0.7473001617184107,0.730210359574464,0.40452490154534393
0.18077739971517093,0.4637517096040302,0.3435026646468152
0.20572832124972285,0.05714147590344959,0.841485420247778
0.3676468248570125,0.5612137110701394,0.28502567850792454
0.4822609612053482,0.9580519658517509,0.726131854514745
0.6166531979956582,0.17274188177805494,0.7986430948293273
0.3660806649780426,0.6894095117868321,0.4790035358962138
0.4601641004460231,0.19847051363274998,0.5606997385823017
0.7465075141210118,0.5346434922626101,0.1467813128060605
0.03220946847834372,0.0938151091746603,0.6837129573043146
0.2490287356362836,0.44886037894762215,0.595818281315154
0.7122176494851882,0.75582061341011,0.4356072882058081
0.8949730251166188,0.3456683690225326,0.7943362855606557
0.509549523669255,0.6642205129543353,0.5615689901163192
0.5300864926667155,0.7952572836083942,0.827264327496166
0.10304639435425766,0.9274882198980055,0.4840536897011304
0.4449670676022524,0.23230764146215482,0.44764133956761154
0.5305927618401931,0.3976103759232662,0.6049892990150882
0.23901307446533676,0.14976754602122366,0.9042548019832906
0.265918022101831,0.9930433093951055,0.9439632062897811
0.3744925273463544,0.9273106929348002,0.6049869055324281
0.015515422987715188,0.5387887087028639,0.4511220356174894
0.31901489332979927,0.8420185220960591,0.7492376227826876
0.2078373695102827,0.5197169966442678,0.4285031366326002
0.3244598382882593,0.6227366495420406,0.5645371484776928
0.11569869265231192,0.08623424997833368,0.5236035856512085
0.8902703576166096,0.7549242949341191,0.8545524444369066
0.5918690822069621,0.1249706756947288,0.9013684556700321
0.6778012485147052,0.825991884021265,0.5990700952848028
0.7884137565251546,0.7817841514480095,0.589075992125618
0.4962489166482771,0.708220887298981,0.5888928883139544
0.08269465553999306,0.033067925092577166,0.5649197357580091
0.5351042080280208,0.30105546926388016,0.7089516726774998
0.585084404394294,0.26088686023662666,0.8168896685593907
0.7444660175434541,0.3582812383937829,0.32841733587948163
0.42913644981641813,0.08474690596960277,0.545193627400317
0.12355547460279087,0.9373055739445115,0.5450594065516973
0.2805224683072727,0.5526866945476381,0.5957243061134445
0.3602205230199232,0.3034605742896394,0.5017740146786802
0.6444522822186887,0.3952670619616184,0.5062003673884428
0.5689422629138869,0.4456798828766409,0.6272355807910975
0.3532004534421813,0.5996574893618245,0.4440571337121594
0.9867323737515301,0.5144182879309543,0.22491310659605834
0.6041116120830505,0.9196726389595984,0.9064250949037327
0.23374346586707023,0.49563086568154285,0.44653705882361105
0.09763023875212684,0.9927165790019006,0.5348183533496664
0.14895915355406147,0.851446052862211,0.5605008853816529
0.24251752129239318,0.20607627574072257,0.9100187217677185
0.15682001866955236,0.9309186663256894,0.6243781304021235
0.18283350884944455,0.11358025465719196,0.7079668389052206
0.2818482465402814,0.8173410498339706,0.8622093153844339
0.16957492276409775,0.37884636520183823,0.4697026701050562
0.8965393093241991,0.8780968093736268,0.9234400665426612
0.0759750908232375,0.8681413029351095,0.5033062500638764
0.5224468531111555,0.8057727293474377,0.8011634388972129
0.40776872208966186,0.7898170615952542,0.477476117810399
0.9825753126149307,0.30261217496231785,0.5268695123215447
0.10793732090605684,0.07799776489445165,0.4716308279996231
0.39516555778880824,0.4012886329471286,0.30394454159855294
0.9696033803701178,0.17095666247251468,0.6745261345979074
0.865126637737988,0.6943745997335686,0.7920293800768234
0.8164523804707899,0.344190950426391,0.5175397385920592
0.2545216122538619,0.9761055678179992,0.9906544686555652
0.16707663741148948,0.6401894386811948,0.4427577868933401
0.6672904957799034,0.8223911181531223,0.6453290027286998
0.9293109250056578,0.12980023905787735,0.8668451168505207
0.5548576344690723,0.8620760194999812,0.8786030325738863
0.5697807684241935,0.9230507082509991,0.9388701643125141
0.2767069051571397,0.4856914868518484,0.5139737792755272
0.7686382674405374,0.6053377043449911,0.3218953637025289
0.18331258771675885,0.7645001068791389,0.6607069521265638
0.3206228662923404,0.172275793430054,0.8061240195346961
0.42288260864053345,0.5012548559228038,0.0
0.5054623745579595,0.39695499446270904,0.5511699046704144
0.2389520031197373,0.14370244996564746,0.8968622662996422
0.11074906135308232,0.36570750673265306,0.28807354197188245
0.608980763882571,0.06520210967430212,0.8815257022183531
0.28540109100689437,0.022679929996945347,0.9430883442012179
0.5794538372198184,0.13245194398256116,0.9411172174255737
0.15047015523461527,0.9635627589564044,0.6180134010211773
0.4788613710944399,0.5483976719816572,0.3438083158126524
0.5305647904756886,0.9662801469257888,0.8512953245852974
0.047424574763461624,0.4309190626027501,0.3300353684413926
0.33361173994961824,0.30977642561218355,0.5819464290573371
0.1304236011218266,0.5048442984695762,0.08710713672953826
0.05903305655301677,0.4379596591213545,0.2940321240780758
0.9901943708127792,0.1028376704654716,0.6288899755387204
0.3192909292584321,0.6400431193486324,0.5638179164865713
0.8092192090421709,0.21363269256668727,0.6412420889327013
0.25124332934399074,0.6187236488240525,0.7313848574834713
0.6802135062723772,0.6494536999665769,0.4502038070135286
0.7593274374636114,0.14937489195219322,0.5284174282236614
0.5939254750945661,0.05835337111451344,0.9210378746358072
0.469250225257945,0.7805128129908037,0.5507812362288639
0.4092199410447322,0.45832587830919225,0.18144560252892294
0.34593629547466775,0.055155372602992137,0.675368487093938
0.9294648365008108,0.9954352245381539,0.9312196631942176
0.8300666224555038,0.05477067449537809,0.7998787829123932
0.9651379128924196,0.6944590610258421,0.613256101814736
0.12025618141220956,0.9842051072256089,0.5596713951525008
0.7298220529997357,0.2368629948368865,0.4118846085521434
0.9383196647969672,0.13956207427463269,0.8179597534734235
0.17747320857364762,0.11861796234363253,0.6907289400958472
0.06216976834574206,0.30120282149327876,0.4161368788791125
0.7401258636149465,0.09820115742509627,0.47944352147461433
0.5726553186794431,0.6915741982920052,0.8178810939712695
0.8413313502378525,0.0592991403487414,0.8279645795219754
0.13580776045102555,0.5081370913341534,0.1192422732601158
0.7945399359659165,0.9972727521647393,0.6927574211067977
0.19796818192223775,0.8138483226360307,0.7044974987863418
0.1598092785441243,0.6143384484966803,0.39337445502971813
0.16042214545172756,0.30419266970292524,0.5215714116275071
0.8139426962871306,0.6230479823082071,0.49347672238126167
0.6638274780715725,0.5258237165307247,0.28987381643624544
0.5209937472395892,0.42448007077497046,0.5463842472941991
0.35594771266040315,0.12797901413711382,0.6540627625950763
0.876877801987839,0.8867596623208086,0.9165789735251462
0.3897283458045177,0.4482718524393929,0.19706948308296052
0.815977414845902,0.19213523398334592,0.7108734160853586
0.43664873012959926,0.3659332943358901,0.35642915360454286
0.374151115851154,0.4124807876870418,0.34318945011263013
0.4603098864257701,0.8274677643782671,0.5359602759977106
0.29821136610259075,0.7331855491177997,0.7635201350114389
0.7466466398761218,0.769012366680613,0.4155340885221377
0.500548236171387,0.00784283920283857,0.7833908113126133
0.22870460656108127,0.41451276406889803,0.6397760030806015
0.8993623312895429,0.47995188312872156,0.5570605574735497
0.38113221536388286,0.016035019055437083,0.611405813319056
0.5415823632437221,0.25757489858742016,0.7591382444674191
0.90629393329589,0.7599628669974886,0.8726402821813355
0.6226659712499035,0.1344027825960497,0.8134595359188936
0.11282045688428849,0.534123962672138,0.13483193602519453
0.9398186983645955,0.2127931881480028,0.7899189150132875
0.6261531657003954,0.008936510331270353,0.9242677287758898
0.33190468735936746,0.23889206790576006,0.7412459289442217
0.1353049856770544,0.9763701283988773,0.5927564340855607
0.7932916790050781,0.8013676819432982,0.5772120323920563
0.6184801607276634,0.9600107780424927,0.9067971046699519
0.5314407546949386,0.4864866371386244,0.4432473660401892
0.8936522798763775,0.10692473427010435,0.9272368032945073
0.787836894239335,0.5468216289449729,0.32012895795097324
0.14776904549527703,0.4528820779554285,0.24964702295752564
0.3086066457737222,0.8443511851641495,0.8303398051353905
0.24506143440102002,0.0952266104220833,0.9436112848668297
0.7429654616754938,0.4868752085687471,0.08088871397984362
0.029043139877456936,0.14739115632026584,0.6924766615820026
0.5680492545609437,0.32268533183911485,0.7712925274730675
0.7615692805153857,0.7369425395564617,0.42291971400708583
0.8764407501107109,0.4746055204229782,0.509812605588573
0.33911626161610714,0.3740932735540268,0.5266183895722487
0.8206582834717515,0.39275225578211614,0.5366103611832977
0.10652320623919675,0.4579708723121117,0.16271153544265257
0.8459776989968142,0.784784020730863,0.8242747468824891
0.12346338156179948,0.8922610663202302,0.5159032415360865
0.39459444264388216,0.9557526199016393,0.5672966971743716
0.7965780056728704,0.7866780691278863,0.5614016771558537
0.14600291372211738,0.31338090164035626,0.42627684104101615
0.22572868191244622,0.6875321846907454,0.7635795846462858
0.721164600439606,0.43604380560665595,0.2257184119493095
0.7189376244538053,0.2524126720020875,0.41447544445609674
0.6396591184895619,0.8408523704776084,0.7567945937069849
0.6927206932061347,0.03534254741682985,0.5687496946219821
0.5407498542369266,0.9019753277907092,0.8784677327872048
0.24838769992555107,0.4600093238970361,0.5965800663050369
0.3427483557850759,0.636404437965721,0.529632541875398
0.17783966008027158,0.6586414850501638,0.5460346560148768
0.9082821544791837,0.8953057015163253,0.927036113287999
0.5816180462433319,0.6358706123649532,0.7460613506164464
0.3981761707114754,0.6130476842643753,0.2857060174585923
0.4596325758593047,0.06367603484005463,0.6011611971501583
0.9473067130859735,0.5171573028656063,0.4192161706934793
0.14945384859022137,0.1475119520151144,0.5735256487996516
0.5844700994810346,0.737019523779537,0.8271288112809523
0.5037321719372083,0.5109475765945422,0.26729692228329305
0.6098190766376382,0.6795950607241354,0.7710606699731597
0.013544724328427848,0.038601497857137124,0.7830332233195569
0.871776098564098,0.08188528811818635,0.9092662322387872
0.9320667615060141,0.7158285211494955,0.7752591391619506
0.5632692627273143,0.06912907658165224,0.9358574970145794
0.6954364186404505,0.06829830765643047,0.6020392715878067
0.9224003561030266,0.00892416394998985,0.9538600486818298
0.7060765182474651,0.9569237874484323,0.5773409283001659
0.14863747645020609,0.7370943993841288,0.458130633789712
0.5744795304810982,0.35136994514769404,0.7846611769362084
0.6050564825328483,0.2944375163539801,0.7856720747926098
0.4215703926381608,0.3478082156568786,0.3178324344889874
0.7354263549203801,0.7743814310288993,0.43420831412419564
0.9343265994252588,0.6606658757859398,0.663745564912098
0.9254846451073071,0.18267228789363305,0.8566591945723963
0.4484109968556869,0.1715437162885438,0.4771929635897021
0.10914238669347287,0.09554087498264646,0.4751190032571037
0.985050056425206,0.6595939060675133,0.462678210684657
0.8383861863602419,0.7640612987356961,0.7703745384772365
0.12062344398666108,0.26282810418684066,0.4018569717580346
0.920734671787858,0.01779439688280099,0.9742246175607361
0.8695375506748857,0.07925493226043379,0.9135442617436893
0.5167455022348992,0.968325803395031,0.7944380368076893
0.5895406215277594,0.29334254669023263,0.7832404037605851
0.3963183277278221,0.7689303086846567,0.47600859367672443
0.05037718693184445,0.6238186468934037,0.4021407648955403
0.33219775458301026,0.38016773859321384,0.527257042497727
0.8021635377493157,0.20324224138802527,0.616790967740109
0.0,0.11861944672800656,0.8223719998989014
0.3304912985063134,0.6141311897809106,0.5669413290192802
0.39548019858893746,0.7743616050568447,0.4859320173705276
0.5353946967103702,0.6431328130561615,0.6775276692686006
0.919743534789417,0.5290968385849205,0.5023506166206957
0.3434015667542602,0.03888088362009451,0.723226554306776
0.3440117730516725,0.9689569473554603,0.7397362928041783
0.7364885875882178,0.7985339807916425,0.42576871513893566
0.4497963745719519,0.29070978948939985,0.3992991238887404
0.22105916196575126,0.9804823479425082,0.9167758268741673
0.450019044090725,0.6009496617562916,0.3046908492495373
0.13689776084767835,0.5814164153522585,0.2832988058295682
0.17260319596913887,0.7476995671165236,0.573156991286945
0.4961741228960443,0.8116394374328235,0.6608950413526253
0.41633946422876666,0.6557551891539477,0.31232079340925933
0.9147090783652455,0.12535439831291245,0.9233657587209372
0.35952872600545793,0.33632881810322746,0.49576978457943965
0.5788007566087323,0.9283975001356681,0.9117993488865561
0.6307319020602489,0.2222428796835803,0.7335914735937434
0.00850422632598169,0.3703578004971996,0.5526050312232205
0.6621594320304907,0.4304964594069671,0.38594924149190524
0.1742603200197787,0.4378525526924355,0.37848859379167304
0.961161779585766,0.6120498858369715,0.5113258082211523
0.144742017642161,0.9434469537700532,0.5727257715045315
0.4120168958384906,0.2383813792042374,0.40058793211456545
0.08111627883610278,0.11873484390243422,0.516885494124552
0.997142535982326,0.19499408864323248,0.5618000429323868
0.5000202617592467,0.8870815720071923,0.7080940324881725
0.5936704987639068,0.6450466534484167,0.7489593830492787
0.06275284380410673,0.2837681322299236,0.4409604722911762
0.7490093412398302,0.8158325411329709,0.460181234348472
0.20628733821345668,0.8614290722555269,0.8387421835846494
0.8978345393518091,0.8465166798211627,0.9394666426410236
0.20149784837182322,0.9192054218395256,0.7835357035848607
0.1869745560157814,0.24997379131555436,0.6697861770492373
0.032075273957032746,0.7546949305581434,0.6196491845515871
0.46974340547786075,0.4590677743857038,0.22712706492674403
0.5629757700751894,0.8419836479296137,0.9186804626342615
0.061378250612366736,0.7280422779482578,0.5024333294261023
0.7747027539511875,0.7761821974313496,0.4736800418167433
0.45087255716780933,0.6554372097388013,0.3546220013332961
0.5223251347016493,0.17487582756759334,0.8040468420483806
0.43828460777244255,0.543877859184792,0.18476088270353513
0.39808737846701997,0.9851997054733664,0.5704744750061742
0.5577492833371612,0.937737460539458,0.9485288767950018
0.1513520196814213,0.04010806484286061,0.6297546982858155
0.17817170556173534,0.16221370028502302,0.6407125062580326
0.8613867537597495,0.12900130017739325,0.9055577444404022
0.9461330679049258,0.7255219219823135,0.7446496750604594
0.3704980502641604,0.8176779529604148,0.5469475429051218
0.26742687934818765,0.2110962262858304,0.872886084591989
0.6425251133442877,0.5045540242218034,0.28812060849875326
0.4060978549727512,0.8406831753536355,0.48975138953941777
0.020856830414417382,0.7323696090477819,0.6464970863107358
0.15226887687378432,0.5410774916755653,0.25109101810350376
0.7148532446845594,0.5893717138378511,0.2891114292065269
0.6575232179465532,0.5070714558501278,0.2593221246641538
0.022574910503960377,0.29545425460428554,0.6140871813207094
0.21841349924688108,0.5639492956864153,0.5449823871575641
0.2275610883539561,0.6882856472310347,0.7535981448852462
0.6705560676162354,0.8734276407607258,0.6398057965432513
0.015152981801612064,0.6354908393160612,0.5723551487908152
0.09996783588611424,0.7607977572902171,0.41412611500357605
0.799211668004243,0.15745240498204166,0.625183163237135
0.17477152745648356,0.4600896392549094,0.35173515701733965
0.6513148739145306,0.006136703543619948,0.7701581099779287
0.23470417644556324,0.24439039341526403,0.7885642698354152
0.09527759718765821,0.7260055671563856,0.4368563070659427
0.23971822719719044,0.9923671862500081,0.9904368309417557
0.72117903483788,0.09632631308544315,0.48226215790329957
0.8552675288412626,0.39979709543235015,0.6549331803660541
0.829665106042696,0.7998959394595072,0.7238343206038539
0.3944901692661251,0.20158430614400746,0.47592197465757347
0.6667296562646045,0.5539743018883908,0.36184579528600946
0.20134173611541367,0.7326403905095219,0.6959461578374737
0.28994057664763245,0.6151073859775863,0.6690182639618415
0.8961075815576658,0.18551225942070232,0.8758887680761991
0.008411236262692745,0.3535112520143569,0.5853546269939527
0.08127592617478085,0.7835545839404201,0.4393594491899229
0.20425802752147032,0.5531125882961578,0.49303185884789935
0.02200833753659387,0.0020190314200589365,0.7565450323040903
0.17767657692096517,0.7606664808288892,0.6357056821854876
0.5812660827753339,0.03221565702193496,0.9999999999999998
0.41885090742689035,0.7453512361040409,0.3980075445248325
0.8924253784798621,0.20002329274581382,0.8878734790529283
0.8168257059117263,0.9585018731551083,0.772460051075599
0.33885055884172116,0.36611538754117373,0.5382294625485726
0.25604972833705786,0.3249496359176677,0.7864203129244438
0.3769126658158047,0.14622610949399784,0.5653078986077065
0.5885552860143348,0.3035407842837881,0.8102968727730613
0.264732606428144,0.8767681959968999,0.8998240602425751
0.6225764432129623,0.9969088514650302,0.9156951908119821
0.4067786818874518,0.36648557513865776,0.32997989714194353
0.5501186331975583,0.44709335091899155,0.5670387803927595
0.433625493452384,0.7215980215721894,0.4026183341798212
0.29126511517407133,0.8863496677053904,0.9088445087641057
0.948482458460264,0.592078656230609,0.5619734500103575
0.762722054066834,0.38979040692387157,0.33119474219365186
0.136150242668578,0.4109671171900652,0.34022332019220625
0.8681021102544442,0.6950442048659736,0.7645545325774574
0.4851835368225019,0.0,0.6787747843104529
0.8943151814496714,0.6187250366661615,0.732464162548591
0.7991505381649604,0.35362010791637255,0.49168207072179315
0.4226585735063515,0.7939998702189366,0.43938607736100754
0.017925376886369637,0.09011522299411895,0.7832257343193694
0.26534935591287045,0.5872180968100071,0.6512515352994752
0.539654241325193,0.4795792035057964,0.48799187668015054
0.6319518291150441,0.6415480561526619,0.6211450509725244
0.25450639586346047,0.061870720375149735,0.9912068792465734
0.13538940193751708,0.5789682303607193,0.3180347316520547
0.8343987410126856,0.5603983811984093,0.4873941939462268
0.984608870022148,0.5595707388584615,0.3455595023638018
0.5236314674527427,0.6025618724329393,0.6119245433642928
0.16787224576742715,0.6758208596513714,0.5012907877980854
0.2689972500749418,0.8048327527339978,0.8835594738673724
0.013826602301994118,0.26762062933328923,0.6627651266805892
0.914159281965864,0.8249697752974892,0.837313039201429
0.11367771191709469,0.49692800003589266,0.034477087178175825
0.5747087724035156,0.07412201554248743,0.9346958694072864
0.2707537764275653,0.055543984831421145,0.9434750851368672
0.5522599781794804,0.33228424306604,0.7846743557473357
0.6499826071899171,0.7846639973718634,0.6534238904172174
0.8291846842220671,0.7071530617140829,0.6836803501798748
0.202785809140058,0.788396184178711,0.7398839664210086
0.006395234070632194,0.5160139875757356,0.37554764876102065
0.13290675734976937,0.43864959332471426,0.24869971167981964
0.8998085929489398,0.1447851035060374,0.919834054730956
0.873550989617812,0.3262155895574181,0.7817868666506549
0.5957085995542163,0.43244636111145296,0.6487787094500875
0.5988276860996479,0.08570824634119617,0.9165494979301487
0.6636661390452292,0.21822393030598114,0.6046027955194929
0.17158247189128045,0.5972794025436747,0.4091227558963818
0.914272980082633,0.7352421070480402,0.8015513684256799
0.4161837745025296,0.9989297136774763,0.6102197138414357
0.38037580497498713,0.933446399883284,0.6060848994634913
0.5168255437436305,0.6417886451124257,0.5865166860505933
0.04254301502436014,0.4196262737241545,0.340812937902944
0.16244968029208595,0.6353764147123118,0.4552597627206164
0.7370235850695617,0.785421520365517,0.4505274250529704
0.07855268026265766,0.1155575704679141,0.5309431495629022
0.6014759496254953,0.40823978981755626,0.6527652941156645
0.24190589685281355,0.8397789929820113,0.8893506340562156
0.3865632982734154,0.3820682815609872,0.3355982670287059
0.2854645865767744,0.5708257357308955,0.6303931347322468
0.3527743499878936,0.5867835374261983,0.3586806953127847
0.7179421007402951,0.18195022604819533,0.46380875893324675
0.2939341880126818,0.3603882889280271,0.6844513615214938
0.5645469986763036,0.33255825560297503,0.7757111465856501
0.47374653534710714,0.02306620116278757,0.718419255373955
0.6622938861308986,0.021053599502919074,0.7340278182703672
0.9368014864413126,0.8316427965550395,0.8166087557187194
0.7315350934863749,0.2708831314907777,0.4168623164637643
0.21134698860008078,0.5168267897094105,0.4388793140349474
0.026682237905018613,0.29663587238378497,0.5920664086010748
0.25890436790273635,0.9410412083913748,0.9710321012112089
0.5933618955600498,0.25705647635114803,0.8767348553413543
0.04702488722092285,0.4280671467899452,0.3123799855137628
0.49416271258410077,0.8728327119553717,0.701545770802568
0.5951355300367756,0.8419184136450574,0.8742119444995944
0.3312396955167677,0.18358159737476587,0.724168685412848
0.7700645472321148,0.8024781045006498,0.48122243746215887
0.10246980257460336,0.45670617907073296,0.14615575754430601
0.07085395986894055,0.48158280849601676,0.12374857880804369
0.7271301048249397,0.13075918708602619,0.5091751902706005
0.4932834606375066,0.07767878201790196,0.7303178296590858
0.6871472553439819,0.7274888020403782,0.4602641277261525
0.43231988671269994,0.49512661669667196,0.046428818505718145
0.24296402039975445,0.43528851061808405,0.6081524451974205
0.8184926538124316,0.7290637155369923,0.6107909974586487
0.7987089912707692,0.7652058901463958,0.5749793807773456
0.6934724138114063,0.1562844943365853,0.5341146506919446
0.26883425979429565,0.6093250862168436,0.7639403896181287
0.5884906929356362,0.13264045430005889,0.9247228615890446
0.35810171097795296,0.7510140839206185,0.5259412386321747
0.08737946356419835,0.6562335580621943,0.3310954689895292
0.917188939665069,0.9570374426378785,0.9613282454959764
0.13283942731659393,0.06599081731328188,0.599473858072509
0.9502753160480918,0.05404206261881528,0.7950295012977355
0.4435535271044059,0.28003421184258226,0.3737552374868175
